{"cameraMode":{"drawMode":0,"name":"Shaded","section":"Shading Mode"},"sceneLighting":true,"audioPlay":false,"sceneViewState":{"showFog":true,"showMaterialUpdate":false,"showSkybox":true,"showFlares":true,"showImageEffects":true,"showParticleSystems":true},"in2DMode":false,"pivot":{"x":-15.333490371704102,"y":1.1518681049346924,"z":3.761077880859375},"rotation":{"x":0.10086974501609802,"y":0.6523203253746033,"z":-0.0882023274898529,"w":0.7460052371025086},"size":13.988709449768067,"orthographic":false}